"Country or Area","Commodity - Transaction","Year","Unit","Quantity","Quantity Footnotes"
"Argentina","Electricity - total net installed capacity of electric power plants, geothermal","2008","Kilowatts,  thousand","1",""
"Argentina","Electricity - total net installed capacity of electric power plants, geothermal","2007","Kilowatts,  thousand","1",""
"Argentina","Electricity - total net installed capacity of electric power plants, geothermal","2006","Kilowatts,  thousand","1",""
"Argentina","Electricity - total net installed capacity of electric power plants, geothermal","2005","Kilowatts,  thousand","1",""
"Argentina","Electricity - total net installed capacity of electric power plants, geothermal","2004","Kilowatts,  thousand","1",""
"Argentina","Electricity - total net installed capacity of electric power plants, geothermal","2003","Kilowatts,  thousand","1",""
"Argentina","Electricity - total net installed capacity of electric power plants, geothermal","2002","Kilowatts,  thousand","1",""
"Argentina","Electricity - total net installed capacity of electric power plants, geothermal","2001","Kilowatts,  thousand","1",""
"Argentina","Electricity - total net installed capacity of electric power plants, geothermal","2000","Kilowatts,  thousand","1",""
"Argentina","Electricity - total net installed capacity of electric power plants, geothermal","1999","Kilowatts,  thousand","1",""
"Argentina","Electricity - total net installed capacity of electric power plants, geothermal","1998","Kilowatts,  thousand","0",""
"Austria","Electricity - total net installed capacity of electric power plants, geothermal","2018","Kilowatts,  thousand","1",""
"Austria","Electricity - total net installed capacity of electric power plants, geothermal","2017","Kilowatts,  thousand","1",""
"Austria","Electricity - total net installed capacity of electric power plants, geothermal","2016","Kilowatts,  thousand","1",""
"Austria","Electricity - total net installed capacity of electric power plants, geothermal","2015","Kilowatts,  thousand","1",""
"Austria","Electricity - total net installed capacity of electric power plants, geothermal","2014","Kilowatts,  thousand","1",""
"Austria","Electricity - total net installed capacity of electric power plants, geothermal","2013","Kilowatts,  thousand","1",""
"Austria","Electricity - total net installed capacity of electric power plants, geothermal","2012","Kilowatts,  thousand","1",""
"Austria","Electricity - total net installed capacity of electric power plants, geothermal","2011","Kilowatts,  thousand","1",""
"Austria","Electricity - total net installed capacity of electric power plants, geothermal","2010","Kilowatts,  thousand","1",""
"Austria","Electricity - total net installed capacity of electric power plants, geothermal","2009","Kilowatts,  thousand","1",""
"Austria","Electricity - total net installed capacity of electric power plants, geothermal","2008","Kilowatts,  thousand","1",""
"Austria","Electricity - total net installed capacity of electric power plants, geothermal","2007","Kilowatts,  thousand","1",""
"Austria","Electricity - total net installed capacity of electric power plants, geothermal","2006","Kilowatts,  thousand","1",""
"Austria","Electricity - total net installed capacity of electric power plants, geothermal","2005","Kilowatts,  thousand","1",""
"Austria","Electricity - total net installed capacity of electric power plants, geothermal","2004","Kilowatts,  thousand","2",""
"Austria","Electricity - total net installed capacity of electric power plants, geothermal","2003","Kilowatts,  thousand","2",""
"Austria","Electricity - total net installed capacity of electric power plants, geothermal","2002","Kilowatts,  thousand","2",""
"Chile","Electricity - total net installed capacity of electric power plants, geothermal","2018","Kilowatts,  thousand","40",""
"Chile","Electricity - total net installed capacity of electric power plants, geothermal","2017","Kilowatts,  thousand","24",""
"Costa Rica","Electricity - total net installed capacity of electric power plants, geothermal","2019","Kilowatts,  thousand","261.86",""
"Costa Rica","Electricity - total net installed capacity of electric power plants, geothermal","2018","Kilowatts,  thousand","206.86",""
"Costa Rica","Electricity - total net installed capacity of electric power plants, geothermal","2017","Kilowatts,  thousand","206.86",""
"Costa Rica","Electricity - total net installed capacity of electric power plants, geothermal","2016","Kilowatts,  thousand","207",""
"Costa Rica","Electricity - total net installed capacity of electric power plants, geothermal","2015","Kilowatts,  thousand","247",""
"Costa Rica","Electricity - total net installed capacity of electric power plants, geothermal","2014","Kilowatts,  thousand","246",""
"Costa Rica","Electricity - total net installed capacity of electric power plants, geothermal","2013","Kilowatts,  thousand","217.5",""
"Costa Rica","Electricity - total net installed capacity of electric power plants, geothermal","2012","Kilowatts,  thousand","217.5",""
"Costa Rica","Electricity - total net installed capacity of electric power plants, geothermal","2011","Kilowatts,  thousand","211",""
"Costa Rica","Electricity - total net installed capacity of electric power plants, geothermal","2010","Kilowatts,  thousand","166",""
"Costa Rica","Electricity - total net installed capacity of electric power plants, geothermal","2009","Kilowatts,  thousand","166",""
"Costa Rica","Electricity - total net installed capacity of electric power plants, geothermal","2008","Kilowatts,  thousand","166",""
"Costa Rica","Electricity - total net installed capacity of electric power plants, geothermal","2007","Kilowatts,  thousand","166",""
"Costa Rica","Electricity - total net installed capacity of electric power plants, geothermal","2006","Kilowatts,  thousand","166",""
"Costa Rica","Electricity - total net installed capacity of electric power plants, geothermal","2005","Kilowatts,  thousand","166.16",""
"Costa Rica","Electricity - total net installed capacity of electric power plants, geothermal","2004","Kilowatts,  thousand","166.16",""
"Costa Rica","Electricity - total net installed capacity of electric power plants, geothermal","2003","Kilowatts,  thousand","162.71",""
"Costa Rica","Electricity - total net installed capacity of electric power plants, geothermal","2002","Kilowatts,  thousand","144.71",""
"Costa Rica","Electricity - total net installed capacity of electric power plants, geothermal","2001","Kilowatts,  thousand","144.71",""
"Costa Rica","Electricity - total net installed capacity of electric power plants, geothermal","2000","Kilowatts,  thousand","136.16",""
"Costa Rica","Electricity - total net installed capacity of electric power plants, geothermal","1999","Kilowatts,  thousand","120",""
"Costa Rica","Electricity - total net installed capacity of electric power plants, geothermal","1998","Kilowatts,  thousand","120",""
"Costa Rica","Electricity - total net installed capacity of electric power plants, geothermal","1997","Kilowatts,  thousand","70",""
"Costa Rica","Electricity - total net installed capacity of electric power plants, geothermal","1996","Kilowatts,  thousand","65",""
"Costa Rica","Electricity - total net installed capacity of electric power plants, geothermal","1995","Kilowatts,  thousand","60",""
"Costa Rica","Electricity - total net installed capacity of electric power plants, geothermal","1994","Kilowatts,  thousand","55",""
"Croatia","Electricity - total net installed capacity of electric power plants, geothermal","2018","Kilowatts,  thousand","1","1"
"El Salvador","Electricity - total net installed capacity of electric power plants, geothermal","2019","Kilowatts,  thousand","204.4",""
"El Salvador","Electricity - total net installed capacity of electric power plants, geothermal","2018","Kilowatts,  thousand","204.4",""
"El Salvador","Electricity - total net installed capacity of electric power plants, geothermal","2017","Kilowatts,  thousand","204.4",""
"El Salvador","Electricity - total net installed capacity of electric power plants, geothermal","2016","Kilowatts,  thousand","204.4",""
"El Salvador","Electricity - total net installed capacity of electric power plants, geothermal","2015","Kilowatts,  thousand","204.4",""
"El Salvador","Electricity - total net installed capacity of electric power plants, geothermal","2014","Kilowatts,  thousand","204.4",""
"El Salvador","Electricity - total net installed capacity of electric power plants, geothermal","2013","Kilowatts,  thousand","204.4",""
"El Salvador","Electricity - total net installed capacity of electric power plants, geothermal","2012","Kilowatts,  thousand","204.4",""
"El Salvador","Electricity - total net installed capacity of electric power plants, geothermal","2011","Kilowatts,  thousand","204.4",""
"El Salvador","Electricity - total net installed capacity of electric power plants, geothermal","2010","Kilowatts,  thousand","204.4",""
"El Salvador","Electricity - total net installed capacity of electric power plants, geothermal","2009","Kilowatts,  thousand","204.4",""
"El Salvador","Electricity - total net installed capacity of electric power plants, geothermal","2008","Kilowatts,  thousand","204.4",""
"El Salvador","Electricity - total net installed capacity of electric power plants, geothermal","2007","Kilowatts,  thousand","204.4",""
"El Salvador","Electricity - total net installed capacity of electric power plants, geothermal","2006","Kilowatts,  thousand","151.2",""
"El Salvador","Electricity - total net installed capacity of electric power plants, geothermal","2005","Kilowatts,  thousand","151.2",""
"El Salvador","Electricity - total net installed capacity of electric power plants, geothermal","2004","Kilowatts,  thousand","151.2",""
"El Salvador","Electricity - total net installed capacity of electric power plants, geothermal","2003","Kilowatts,  thousand","161.2",""
"El Salvador","Electricity - total net installed capacity of electric power plants, geothermal","2002","Kilowatts,  thousand","161.2",""
"El Salvador","Electricity - total net installed capacity of electric power plants, geothermal","2001","Kilowatts,  thousand","161.2",""
"El Salvador","Electricity - total net installed capacity of electric power plants, geothermal","2000","Kilowatts,  thousand","161.2",""
"El Salvador","Electricity - total net installed capacity of electric power plants, geothermal","1999","Kilowatts,  thousand","150",""
"El Salvador","Electricity - total net installed capacity of electric power plants, geothermal","1998","Kilowatts,  thousand","105",""
"El Salvador","Electricity - total net installed capacity of electric power plants, geothermal","1997","Kilowatts,  thousand","105","1"
"El Salvador","Electricity - total net installed capacity of electric power plants, geothermal","1996","Kilowatts,  thousand","105",""
"El Salvador","Electricity - total net installed capacity of electric power plants, geothermal","1995","Kilowatts,  thousand","105",""
"El Salvador","Electricity - total net installed capacity of electric power plants, geothermal","1994","Kilowatts,  thousand","105",""
"El Salvador","Electricity - total net installed capacity of electric power plants, geothermal","1993","Kilowatts,  thousand","105",""
"El Salvador","Electricity - total net installed capacity of electric power plants, geothermal","1992","Kilowatts,  thousand","105",""
"El Salvador","Electricity - total net installed capacity of electric power plants, geothermal","1991","Kilowatts,  thousand","95",""
"El Salvador","Electricity - total net installed capacity of electric power plants, geothermal","1990","Kilowatts,  thousand","95",""
"Ethiopia","Electricity - total net installed capacity of electric power plants, geothermal","2018","Kilowatts,  thousand","7.3",""
"Ethiopia","Electricity - total net installed capacity of electric power plants, geothermal","2017","Kilowatts,  thousand","7.3",""
"Ethiopia","Electricity - total net installed capacity of electric power plants, geothermal","2016","Kilowatts,  thousand","7.3",""
"Ethiopia","Electricity - total net installed capacity of electric power plants, geothermal","2015","Kilowatts,  thousand","7",""
"Ethiopia","Electricity - total net installed capacity of electric power plants, geothermal","2014","Kilowatts,  thousand","7",""
"Ethiopia","Electricity - total net installed capacity of electric power plants, geothermal","2013","Kilowatts,  thousand","7",""
"Ethiopia","Electricity - total net installed capacity of electric power plants, geothermal","2012","Kilowatts,  thousand","7",""
"Ethiopia","Electricity - total net installed capacity of electric power plants, geothermal","2011","Kilowatts,  thousand","7",""
"Ethiopia","Electricity - total net installed capacity of electric power plants, geothermal","2010","Kilowatts,  thousand","7",""
"Ethiopia","Electricity - total net installed capacity of electric power plants, geothermal","2009","Kilowatts,  thousand","7",""
"Ethiopia","Electricity - total net installed capacity of electric power plants, geothermal","2008","Kilowatts,  thousand","7",""
"Ethiopia","Electricity - total net installed capacity of electric power plants, geothermal","2007","Kilowatts,  thousand","7",""
"Ethiopia","Electricity - total net installed capacity of electric power plants, geothermal","2006","Kilowatts,  thousand","7",""
"Ethiopia","Electricity - total net installed capacity of electric power plants, geothermal","2005","Kilowatts,  thousand","7",""
"Ethiopia","Electricity - total net installed capacity of electric power plants, geothermal","2004","Kilowatts,  thousand","7",""
"Ethiopia","Electricity - total net installed capacity of electric power plants, geothermal","2003","Kilowatts,  thousand","7","1"
"Ethiopia","Electricity - total net installed capacity of electric power plants, geothermal","2002","Kilowatts,  thousand","7","1"
"Ethiopia","Electricity - total net installed capacity of electric power plants, geothermal","2001","Kilowatts,  thousand","7","1"
"Ethiopia","Electricity - total net installed capacity of electric power plants, geothermal","2000","Kilowatts,  thousand","7","1"
"Ethiopia","Electricity - total net installed capacity of electric power plants, geothermal","1999","Kilowatts,  thousand","7","1"
"Ethiopia","Electricity - total net installed capacity of electric power plants, geothermal","1998","Kilowatts,  thousand","7","1"
"Ethiopia","Electricity - total net installed capacity of electric power plants, geothermal","1997","Kilowatts,  thousand","9","1"
"Ethiopia","Electricity - total net installed capacity of electric power plants, geothermal","1996","Kilowatts,  thousand","9","1"
"Ethiopia","Electricity - total net installed capacity of electric power plants, geothermal","1995","Kilowatts,  thousand","8","1"
"Ethiopia","Electricity - total net installed capacity of electric power plants, geothermal","1994","Kilowatts,  thousand","8","1"
"Ethiopia, incl. Eritrea","Electricity - total net installed capacity of electric power plants, geothermal","1993","Kilowatts,  thousand","12",""
"Ethiopia, incl. Eritrea","Electricity - total net installed capacity of electric power plants, geothermal","1992","Kilowatts,  thousand","12",""
"Ethiopia, incl. Eritrea","Electricity - total net installed capacity of electric power plants, geothermal","1991","Kilowatts,  thousand","12",""
"Ethiopia, incl. Eritrea","Electricity - total net installed capacity of electric power plants, geothermal","1990","Kilowatts,  thousand","42","1"
"France","Electricity - total net installed capacity of electric power plants, geothermal","2018","Kilowatts,  thousand","16",""
"France","Electricity - total net installed capacity of electric power plants, geothermal","2017","Kilowatts,  thousand","16",""
"France","Electricity - total net installed capacity of electric power plants, geothermal","2016","Kilowatts,  thousand","16",""
"France","Electricity - total net installed capacity of electric power plants, geothermal","2015","Kilowatts,  thousand","17",""
"France","Electricity - total net installed capacity of electric power plants, geothermal","2014","Kilowatts,  thousand","17",""
"France","Electricity - total net installed capacity of electric power plants, geothermal","2013","Kilowatts,  thousand","17",""
"France","Electricity - total net installed capacity of electric power plants, geothermal","2012","Kilowatts,  thousand","16",""
"France","Electricity - total net installed capacity of electric power plants, geothermal","2011","Kilowatts,  thousand","17",""
"France","Electricity - total net installed capacity of electric power plants, geothermal","2010","Kilowatts,  thousand","0",""
"France","Electricity - total net installed capacity of electric power plants, geothermal","2009","Kilowatts,  thousand","0",""
"France","Electricity - total net installed capacity of electric power plants, geothermal","2008","Kilowatts,  thousand","0",""
"France","Electricity - total net installed capacity of electric power plants, geothermal","2007","Kilowatts,  thousand","0",""
"Germany","Electricity - total net installed capacity of electric power plants, geothermal","2018","Kilowatts,  thousand","36",""
"Germany","Electricity - total net installed capacity of electric power plants, geothermal","2017","Kilowatts,  thousand","32",""
"Germany","Electricity - total net installed capacity of electric power plants, geothermal","2016","Kilowatts,  thousand","33",""
"Germany","Electricity - total net installed capacity of electric power plants, geothermal","2015","Kilowatts,  thousand","29",""
"Germany","Electricity - total net installed capacity of electric power plants, geothermal","2014","Kilowatts,  thousand","29",""
"Germany","Electricity - total net installed capacity of electric power plants, geothermal","2013","Kilowatts,  thousand","26",""
"Germany","Electricity - total net installed capacity of electric power plants, geothermal","2012","Kilowatts,  thousand","12",""
"Germany","Electricity - total net installed capacity of electric power plants, geothermal","2011","Kilowatts,  thousand","8",""
"Germany","Electricity - total net installed capacity of electric power plants, geothermal","2010","Kilowatts,  thousand","8",""
"Germany","Electricity - total net installed capacity of electric power plants, geothermal","2009","Kilowatts,  thousand","8",""
"Germany","Electricity - total net installed capacity of electric power plants, geothermal","2008","Kilowatts,  thousand","3",""
"Germany","Electricity - total net installed capacity of electric power plants, geothermal","2007","Kilowatts,  thousand","3",""
"Greece","Electricity - total net installed capacity of electric power plants, geothermal","1998","Kilowatts,  thousand","2",""
"Greece","Electricity - total net installed capacity of electric power plants, geothermal","1997","Kilowatts,  thousand","2",""
"Greece","Electricity - total net installed capacity of electric power plants, geothermal","1996","Kilowatts,  thousand","2",""
"Greece","Electricity - total net installed capacity of electric power plants, geothermal","1995","Kilowatts,  thousand","2",""
"Greece","Electricity - total net installed capacity of electric power plants, geothermal","1994","Kilowatts,  thousand","2",""
"Greece","Electricity - total net installed capacity of electric power plants, geothermal","1993","Kilowatts,  thousand","2",""
"Greece","Electricity - total net installed capacity of electric power plants, geothermal","1992","Kilowatts,  thousand","2",""
"Greece","Electricity - total net installed capacity of electric power plants, geothermal","1991","Kilowatts,  thousand","2",""
"Greece","Electricity - total net installed capacity of electric power plants, geothermal","1990","Kilowatts,  thousand","2",""
"Guadeloupe","Electricity - total net installed capacity of electric power plants, geothermal","2016","Kilowatts,  thousand","14.7",""
"Guadeloupe","Electricity - total net installed capacity of electric power plants, geothermal","2015","Kilowatts,  thousand","14.5",""
"Guadeloupe","Electricity - total net installed capacity of electric power plants, geothermal","2014","Kilowatts,  thousand","14.5",""
"Guadeloupe","Electricity - total net installed capacity of electric power plants, geothermal","2013","Kilowatts,  thousand","14.5",""
"Guadeloupe","Electricity - total net installed capacity of electric power plants, geothermal","2012","Kilowatts,  thousand","14.5",""
"Guadeloupe","Electricity - total net installed capacity of electric power plants, geothermal","2011","Kilowatts,  thousand","16",""
"Guadeloupe","Electricity - total net installed capacity of electric power plants, geothermal","2010","Kilowatts,  thousand","15",""
"Guadeloupe","Electricity - total net installed capacity of electric power plants, geothermal","2009","Kilowatts,  thousand","15",""
"Guadeloupe","Electricity - total net installed capacity of electric power plants, geothermal","2008","Kilowatts,  thousand","15",""
"Guadeloupe","Electricity - total net installed capacity of electric power plants, geothermal","2007","Kilowatts,  thousand","15",""
"Guadeloupe","Electricity - total net installed capacity of electric power plants, geothermal","2006","Kilowatts,  thousand","15",""
"Guadeloupe","Electricity - total net installed capacity of electric power plants, geothermal","2005","Kilowatts,  thousand","15",""
"Guadeloupe","Electricity - total net installed capacity of electric power plants, geothermal","2004","Kilowatts,  thousand","15",""
"Guadeloupe","Electricity - total net installed capacity of electric power plants, geothermal","2003","Kilowatts,  thousand","5",""
"Guadeloupe","Electricity - total net installed capacity of electric power plants, geothermal","2002","Kilowatts,  thousand","5",""
"Guadeloupe","Electricity - total net installed capacity of electric power plants, geothermal","2001","Kilowatts,  thousand","5",""
"Guadeloupe","Electricity - total net installed capacity of electric power plants, geothermal","2000","Kilowatts,  thousand","5",""
"Guadeloupe","Electricity - total net installed capacity of electric power plants, geothermal","1999","Kilowatts,  thousand","5",""
"Guadeloupe","Electricity - total net installed capacity of electric power plants, geothermal","1998","Kilowatts,  thousand","5",""
"Guadeloupe","Electricity - total net installed capacity of electric power plants, geothermal","1997","Kilowatts,  thousand","5",""
"Guadeloupe","Electricity - total net installed capacity of electric power plants, geothermal","1996","Kilowatts,  thousand","5",""
"Guadeloupe","Electricity - total net installed capacity of electric power plants, geothermal","1995","Kilowatts,  thousand","5",""
"Guadeloupe","Electricity - total net installed capacity of electric power plants, geothermal","1994","Kilowatts,  thousand","5",""
"Guadeloupe","Electricity - total net installed capacity of electric power plants, geothermal","1993","Kilowatts,  thousand","5",""
"Guadeloupe","Electricity - total net installed capacity of electric power plants, geothermal","1992","Kilowatts,  thousand","5",""
"Guadeloupe","Electricity - total net installed capacity of electric power plants, geothermal","1991","Kilowatts,  thousand","5",""
"Guadeloupe","Electricity - total net installed capacity of electric power plants, geothermal","1990","Kilowatts,  thousand","5",""
"Guadeloupe","Electricity - total net installed capacity of electric power plants, geothermal","2010","Kilowatts,  thousand","15",""
"Guadeloupe","Electricity - total net installed capacity of electric power plants, geothermal","2009","Kilowatts,  thousand","15",""
"Guadeloupe","Electricity - total net installed capacity of electric power plants, geothermal","2008","Kilowatts,  thousand","15",""
"Guadeloupe","Electricity - total net installed capacity of electric power plants, geothermal","2007","Kilowatts,  thousand","15",""
"Guadeloupe","Electricity - total net installed capacity of electric power plants, geothermal","2006","Kilowatts,  thousand","15",""
"Guadeloupe","Electricity - total net installed capacity of electric power plants, geothermal","2005","Kilowatts,  thousand","15",""
"Guadeloupe","Electricity - total net installed capacity of electric power plants, geothermal","2004","Kilowatts,  thousand","15",""
"Guadeloupe","Electricity - total net installed capacity of electric power plants, geothermal","2003","Kilowatts,  thousand","5",""
"Guadeloupe","Electricity - total net installed capacity of electric power plants, geothermal","2002","Kilowatts,  thousand","5",""
"Guadeloupe","Electricity - total net installed capacity of electric power plants, geothermal","2001","Kilowatts,  thousand","5",""
"Guadeloupe","Electricity - total net installed capacity of electric power plants, geothermal","2000","Kilowatts,  thousand","5",""
"Guadeloupe","Electricity - total net installed capacity of electric power plants, geothermal","1999","Kilowatts,  thousand","5",""
"Guadeloupe","Electricity - total net installed capacity of electric power plants, geothermal","1998","Kilowatts,  thousand","5",""
"Guadeloupe","Electricity - total net installed capacity of electric power plants, geothermal","1997","Kilowatts,  thousand","5",""
"Guadeloupe","Electricity - total net installed capacity of electric power plants, geothermal","1996","Kilowatts,  thousand","5",""
"Guadeloupe","Electricity - total net installed capacity of electric power plants, geothermal","1995","Kilowatts,  thousand","5",""
"Guadeloupe","Electricity - total net installed capacity of electric power plants, geothermal","1994","Kilowatts,  thousand","5",""
"Guadeloupe","Electricity - total net installed capacity of electric power plants, geothermal","1993","Kilowatts,  thousand","5",""
"Guadeloupe","Electricity - total net installed capacity of electric power plants, geothermal","1992","Kilowatts,  thousand","5",""
"Guadeloupe","Electricity - total net installed capacity of electric power plants, geothermal","1991","Kilowatts,  thousand","5",""
"Guadeloupe","Electricity - total net installed capacity of electric power plants, geothermal","1990","Kilowatts,  thousand","5",""
"Guatemala","Electricity - total net installed capacity of electric power plants, geothermal","2018","Kilowatts,  thousand","39.28",""
"Guatemala","Electricity - total net installed capacity of electric power plants, geothermal","2017","Kilowatts,  thousand","33.56",""
"Guatemala","Electricity - total net installed capacity of electric power plants, geothermal","2016","Kilowatts,  thousand","33.56",""
"Guatemala","Electricity - total net installed capacity of electric power plants, geothermal","2015","Kilowatts,  thousand","33.56",""
"Guatemala","Electricity - total net installed capacity of electric power plants, geothermal","2014","Kilowatts,  thousand","33.95",""
"Guatemala","Electricity - total net installed capacity of electric power plants, geothermal","2013","Kilowatts,  thousand","33.95",""
"Guatemala","Electricity - total net installed capacity of electric power plants, geothermal","2012","Kilowatts,  thousand","31.7",""
"Guatemala","Electricity - total net installed capacity of electric power plants, geothermal","2011","Kilowatts,  thousand","49.2",""
"Guatemala","Electricity - total net installed capacity of electric power plants, geothermal","2010","Kilowatts,  thousand","49.2",""
"Guatemala","Electricity - total net installed capacity of electric power plants, geothermal","2009","Kilowatts,  thousand","49.2",""
"Guatemala","Electricity - total net installed capacity of electric power plants, geothermal","2008","Kilowatts,  thousand","44",""
"Guatemala","Electricity - total net installed capacity of electric power plants, geothermal","2007","Kilowatts,  thousand","44",""
"Guatemala","Electricity - total net installed capacity of electric power plants, geothermal","2006","Kilowatts,  thousand","29",""
"Guatemala","Electricity - total net installed capacity of electric power plants, geothermal","2005","Kilowatts,  thousand","29",""
"Honduras","Electricity - total net installed capacity of electric power plants, geothermal","2018","Kilowatts,  thousand","35",""
"Honduras","Electricity - total net installed capacity of electric power plants, geothermal","2017","Kilowatts,  thousand","35",""
"Hungary","Electricity - total net installed capacity of electric power plants, geothermal","2018","Kilowatts,  thousand","3",""
"Hungary","Electricity - total net installed capacity of electric power plants, geothermal","2017","Kilowatts,  thousand","3",""
"Iceland","Electricity - total net installed capacity of electric power plants, geothermal","2018","Kilowatts,  thousand","756",""
"Iceland","Electricity - total net installed capacity of electric power plants, geothermal","2017","Kilowatts,  thousand","710",""
"Iceland","Electricity - total net installed capacity of electric power plants, geothermal","2016","Kilowatts,  thousand","665",""
"Iceland","Electricity - total net installed capacity of electric power plants, geothermal","2015","Kilowatts,  thousand","665",""
"Iceland","Electricity - total net installed capacity of electric power plants, geothermal","2014","Kilowatts,  thousand","665",""
"Iceland","Electricity - total net installed capacity of electric power plants, geothermal","2013","Kilowatts,  thousand","665",""
"Iceland","Electricity - total net installed capacity of electric power plants, geothermal","2012","Kilowatts,  thousand","665",""
"Iceland","Electricity - total net installed capacity of electric power plants, geothermal","2011","Kilowatts,  thousand","665",""
"Iceland","Electricity - total net installed capacity of electric power plants, geothermal","2010","Kilowatts,  thousand","575",""
"Iceland","Electricity - total net installed capacity of electric power plants, geothermal","2009","Kilowatts,  thousand","575",""
"Iceland","Electricity - total net installed capacity of electric power plants, geothermal","2008","Kilowatts,  thousand","575",""
"Iceland","Electricity - total net installed capacity of electric power plants, geothermal","2007","Kilowatts,  thousand","485",""
"Iceland","Electricity - total net installed capacity of electric power plants, geothermal","2006","Kilowatts,  thousand","422",""
"Iceland","Electricity - total net installed capacity of electric power plants, geothermal","2005","Kilowatts,  thousand","232",""
"Iceland","Electricity - total net installed capacity of electric power plants, geothermal","2004","Kilowatts,  thousand","202",""
"Iceland","Electricity - total net installed capacity of electric power plants, geothermal","2003","Kilowatts,  thousand","202",""
"Iceland","Electricity - total net installed capacity of electric power plants, geothermal","2002","Kilowatts,  thousand","202",""
"Iceland","Electricity - total net installed capacity of electric power plants, geothermal","2001","Kilowatts,  thousand","202",""
"Iceland","Electricity - total net installed capacity of electric power plants, geothermal","2000","Kilowatts,  thousand","172",""
"Iceland","Electricity - total net installed capacity of electric power plants, geothermal","1999","Kilowatts,  thousand","172",""
"Iceland","Electricity - total net installed capacity of electric power plants, geothermal","1998","Kilowatts,  thousand","140",""
"Iceland","Electricity - total net installed capacity of electric power plants, geothermal","1997","Kilowatts,  thousand","80",""
"Iceland","Electricity - total net installed capacity of electric power plants, geothermal","1996","Kilowatts,  thousand","51",""
"Iceland","Electricity - total net installed capacity of electric power plants, geothermal","1995","Kilowatts,  thousand","51",""
"Iceland","Electricity - total net installed capacity of electric power plants, geothermal","1994","Kilowatts,  thousand","51",""
"Iceland","Electricity - total net installed capacity of electric power plants, geothermal","1993","Kilowatts,  thousand","51",""
"Iceland","Electricity - total net installed capacity of electric power plants, geothermal","1992","Kilowatts,  thousand","45",""
"Iceland","Electricity - total net installed capacity of electric power plants, geothermal","1991","Kilowatts,  thousand","45",""
"Iceland","Electricity - total net installed capacity of electric power plants, geothermal","1990","Kilowatts,  thousand","46",""
"Indonesia","Electricity - total net installed capacity of electric power plants, geothermal","2018","Kilowatts,  thousand","1981",""
"Indonesia","Electricity - total net installed capacity of electric power plants, geothermal","2017","Kilowatts,  thousand","1989","1"
"Indonesia","Electricity - total net installed capacity of electric power plants, geothermal","2016","Kilowatts,  thousand","1599.89","1"
"Indonesia","Electricity - total net installed capacity of electric power plants, geothermal","2015","Kilowatts,  thousand","2085.13",""
"Indonesia","Electricity - total net installed capacity of electric power plants, geothermal","2014","Kilowatts,  thousand","2270",""
"Indonesia","Electricity - total net installed capacity of electric power plants, geothermal","2013","Kilowatts,  thousand","2173.8",""
"Indonesia","Electricity - total net installed capacity of electric power plants, geothermal","2012","Kilowatts,  thousand","1401.8",""
"Indonesia","Electricity - total net installed capacity of electric power plants, geothermal","2011","Kilowatts,  thousand","1138",""
"Indonesia","Electricity - total net installed capacity of electric power plants, geothermal","2010","Kilowatts,  thousand","1130",""
"Indonesia","Electricity - total net installed capacity of electric power plants, geothermal","2009","Kilowatts,  thousand","1100","1"
"Indonesia","Electricity - total net installed capacity of electric power plants, geothermal","2008","Kilowatts,  thousand","1052",""
"Indonesia","Electricity - total net installed capacity of electric power plants, geothermal","2007","Kilowatts,  thousand","933",""
"Indonesia","Electricity - total net installed capacity of electric power plants, geothermal","2006","Kilowatts,  thousand","820",""
"Indonesia","Electricity - total net installed capacity of electric power plants, geothermal","2005","Kilowatts,  thousand","820",""
"Indonesia","Electricity - total net installed capacity of electric power plants, geothermal","2004","Kilowatts,  thousand","820",""
"Indonesia","Electricity - total net installed capacity of electric power plants, geothermal","2003","Kilowatts,  thousand","805",""
"Indonesia","Electricity - total net installed capacity of electric power plants, geothermal","2002","Kilowatts,  thousand","785",""
"Indonesia","Electricity - total net installed capacity of electric power plants, geothermal","2001","Kilowatts,  thousand","785",""
"Indonesia","Electricity - total net installed capacity of electric power plants, geothermal","2000","Kilowatts,  thousand","525",""
"Indonesia","Electricity - total net installed capacity of electric power plants, geothermal","1999","Kilowatts,  thousand","360",""
"Indonesia","Electricity - total net installed capacity of electric power plants, geothermal","1998","Kilowatts,  thousand","360",""
"Indonesia","Electricity - total net installed capacity of electric power plants, geothermal","1997","Kilowatts,  thousand","305",""
"Indonesia","Electricity - total net installed capacity of electric power plants, geothermal","1996","Kilowatts,  thousand","308",""
"Indonesia","Electricity - total net installed capacity of electric power plants, geothermal","1995","Kilowatts,  thousand","308",""
"Indonesia","Electricity - total net installed capacity of electric power plants, geothermal","1994","Kilowatts,  thousand","305",""
"Indonesia","Electricity - total net installed capacity of electric power plants, geothermal","1993","Kilowatts,  thousand","140",""
"Indonesia","Electricity - total net installed capacity of electric power plants, geothermal","1992","Kilowatts,  thousand","140",""
"Indonesia","Electricity - total net installed capacity of electric power plants, geothermal","1991","Kilowatts,  thousand","140",""
"Indonesia","Electricity - total net installed capacity of electric power plants, geothermal","1990","Kilowatts,  thousand","140",""
"Italy","Electricity - total net installed capacity of electric power plants, geothermal","2018","Kilowatts,  thousand","767",""
"Italy","Electricity - total net installed capacity of electric power plants, geothermal","2017","Kilowatts,  thousand","767",""
"Italy","Electricity - total net installed capacity of electric power plants, geothermal","2016","Kilowatts,  thousand","767",""
"Italy","Electricity - total net installed capacity of electric power plants, geothermal","2015","Kilowatts,  thousand","768",""
"Italy","Electricity - total net installed capacity of electric power plants, geothermal","2014","Kilowatts,  thousand","768",""
"Italy","Electricity - total net installed capacity of electric power plants, geothermal","2013","Kilowatts,  thousand","729",""
"Italy","Electricity - total net installed capacity of electric power plants, geothermal","2012","Kilowatts,  thousand","728",""
"Italy","Electricity - total net installed capacity of electric power plants, geothermal","2011","Kilowatts,  thousand","728",""
"Italy","Electricity - total net installed capacity of electric power plants, geothermal","2010","Kilowatts,  thousand","728",""
"Italy","Electricity - total net installed capacity of electric power plants, geothermal","2009","Kilowatts,  thousand","695",""
"Italy","Electricity - total net installed capacity of electric power plants, geothermal","2008","Kilowatts,  thousand","671",""
"Italy","Electricity - total net installed capacity of electric power plants, geothermal","2007","Kilowatts,  thousand","671",""
"Italy","Electricity - total net installed capacity of electric power plants, geothermal","2006","Kilowatts,  thousand","671",""
"Italy","Electricity - total net installed capacity of electric power plants, geothermal","2005","Kilowatts,  thousand","671",""
"Italy","Electricity - total net installed capacity of electric power plants, geothermal","2004","Kilowatts,  thousand","642",""
"Italy","Electricity - total net installed capacity of electric power plants, geothermal","2003","Kilowatts,  thousand","707",""
"Italy","Electricity - total net installed capacity of electric power plants, geothermal","2002","Kilowatts,  thousand","666",""
"Italy","Electricity - total net installed capacity of electric power plants, geothermal","2001","Kilowatts,  thousand","573",""
"Italy","Electricity - total net installed capacity of electric power plants, geothermal","2000","Kilowatts,  thousand","590",""
"Italy","Electricity - total net installed capacity of electric power plants, geothermal","1999","Kilowatts,  thousand","585",""
"Italy","Electricity - total net installed capacity of electric power plants, geothermal","1998","Kilowatts,  thousand","547",""
"Italy","Electricity - total net installed capacity of electric power plants, geothermal","1997","Kilowatts,  thousand","529",""
"Italy","Electricity - total net installed capacity of electric power plants, geothermal","1996","Kilowatts,  thousand","485",""
"Italy","Electricity - total net installed capacity of electric power plants, geothermal","1995","Kilowatts,  thousand","470",""
"Italy","Electricity - total net installed capacity of electric power plants, geothermal","1994","Kilowatts,  thousand","470",""
"Italy","Electricity - total net installed capacity of electric power plants, geothermal","1993","Kilowatts,  thousand","471",""
"Italy","Electricity - total net installed capacity of electric power plants, geothermal","1992","Kilowatts,  thousand","471",""
"Italy","Electricity - total net installed capacity of electric power plants, geothermal","1991","Kilowatts,  thousand","567",""
"Italy","Electricity - total net installed capacity of electric power plants, geothermal","1990","Kilowatts,  thousand","496",""
"Japan","Electricity - total net installed capacity of electric power plants, geothermal","2018","Kilowatts,  thousand","474",""
"Japan","Electricity - total net installed capacity of electric power plants, geothermal","2017","Kilowatts,  thousand","477",""
"Japan","Electricity - total net installed capacity of electric power plants, geothermal","2016","Kilowatts,  thousand","526",""
"Japan","Electricity - total net installed capacity of electric power plants, geothermal","2015","Kilowatts,  thousand","516",""
"Japan","Electricity - total net installed capacity of electric power plants, geothermal","2014","Kilowatts,  thousand","508",""
"Japan","Electricity - total net installed capacity of electric power plants, geothermal","2013","Kilowatts,  thousand","512",""
"Japan","Electricity - total net installed capacity of electric power plants, geothermal","2012","Kilowatts,  thousand","512",""
"Japan","Electricity - total net installed capacity of electric power plants, geothermal","2011","Kilowatts,  thousand","537",""
"Japan","Electricity - total net installed capacity of electric power plants, geothermal","2010","Kilowatts,  thousand","537",""
"Japan","Electricity - total net installed capacity of electric power plants, geothermal","2009","Kilowatts,  thousand","535",""
"Japan","Electricity - total net installed capacity of electric power plants, geothermal","2008","Kilowatts,  thousand","532",""
"Japan","Electricity - total net installed capacity of electric power plants, geothermal","2007","Kilowatts,  thousand","532",""
"Japan","Electricity - total net installed capacity of electric power plants, geothermal","2006","Kilowatts,  thousand","532",""
"Japan","Electricity - total net installed capacity of electric power plants, geothermal","2005","Kilowatts,  thousand","535",""
"Japan","Electricity - total net installed capacity of electric power plants, geothermal","2004","Kilowatts,  thousand","535",""
"Japan","Electricity - total net installed capacity of electric power plants, geothermal","2003","Kilowatts,  thousand","535",""
"Japan","Electricity - total net installed capacity of electric power plants, geothermal","2002","Kilowatts,  thousand","533",""
"Japan","Electricity - total net installed capacity of electric power plants, geothermal","2001","Kilowatts,  thousand","533",""
"Japan","Electricity - total net installed capacity of electric power plants, geothermal","2000","Kilowatts,  thousand","533",""
"Japan","Electricity - total net installed capacity of electric power plants, geothermal","1999","Kilowatts,  thousand","533",""
"Japan","Electricity - total net installed capacity of electric power plants, geothermal","1998","Kilowatts,  thousand","533",""
"Japan","Electricity - total net installed capacity of electric power plants, geothermal","1997","Kilowatts,  thousand","530",""
"Japan","Electricity - total net installed capacity of electric power plants, geothermal","1996","Kilowatts,  thousand","530",""
"Japan","Electricity - total net installed capacity of electric power plants, geothermal","1995","Kilowatts,  thousand","504",""
"Japan","Electricity - total net installed capacity of electric power plants, geothermal","1994","Kilowatts,  thousand","379",""
"Japan","Electricity - total net installed capacity of electric power plants, geothermal","1993","Kilowatts,  thousand","299",""
"Japan","Electricity - total net installed capacity of electric power plants, geothermal","1992","Kilowatts,  thousand","270",""
"Japan","Electricity - total net installed capacity of electric power plants, geothermal","1991","Kilowatts,  thousand","270",""
"Japan","Electricity - total net installed capacity of electric power plants, geothermal","1990","Kilowatts,  thousand","270",""
"Kenya","Electricity - total net installed capacity of electric power plants, geothermal","2018","Kilowatts,  thousand","627",""
"Kenya","Electricity - total net installed capacity of electric power plants, geothermal","2017","Kilowatts,  thousand","652",""
"Kenya","Electricity - total net installed capacity of electric power plants, geothermal","2016","Kilowatts,  thousand","644",""
"Kenya","Electricity - total net installed capacity of electric power plants, geothermal","2015","Kilowatts,  thousand","619",""
"Kenya","Electricity - total net installed capacity of electric power plants, geothermal","2014","Kilowatts,  thousand","558",""
"Kenya","Electricity - total net installed capacity of electric power plants, geothermal","2013","Kilowatts,  thousand","236.5",""
"Kenya","Electricity - total net installed capacity of electric power plants, geothermal","2012","Kilowatts,  thousand","199.6",""
"Kenya","Electricity - total net installed capacity of electric power plants, geothermal","2011","Kilowatts,  thousand","190.6",""
"Kenya","Electricity - total net installed capacity of electric power plants, geothermal","2010","Kilowatts,  thousand","189",""
"Kenya","Electricity - total net installed capacity of electric power plants, geothermal","2009","Kilowatts,  thousand","158",""
"Kenya","Electricity - total net installed capacity of electric power plants, geothermal","2008","Kilowatts,  thousand","128",""
"Kenya","Electricity - total net installed capacity of electric power plants, geothermal","2007","Kilowatts,  thousand","115",""
"Kenya","Electricity - total net installed capacity of electric power plants, geothermal","2006","Kilowatts,  thousand","125",""
"Kenya","Electricity - total net installed capacity of electric power plants, geothermal","2005","Kilowatts,  thousand","125",""
"Kenya","Electricity - total net installed capacity of electric power plants, geothermal","2004","Kilowatts,  thousand","125",""
"Kenya","Electricity - total net installed capacity of electric power plants, geothermal","2003","Kilowatts,  thousand","100",""
"Kenya","Electricity - total net installed capacity of electric power plants, geothermal","2002","Kilowatts,  thousand","57",""
"Kenya","Electricity - total net installed capacity of electric power plants, geothermal","2001","Kilowatts,  thousand","57",""
"Kenya","Electricity - total net installed capacity of electric power plants, geothermal","2000","Kilowatts,  thousand","45",""
"Kenya","Electricity - total net installed capacity of electric power plants, geothermal","1999","Kilowatts,  thousand","45",""
"Kenya","Electricity - total net installed capacity of electric power plants, geothermal","1998","Kilowatts,  thousand","45",""
"Kenya","Electricity - total net installed capacity of electric power plants, geothermal","1997","Kilowatts,  thousand","45",""
"Kenya","Electricity - total net installed capacity of electric power plants, geothermal","1996","Kilowatts,  thousand","45",""
"Kenya","Electricity - total net installed capacity of electric power plants, geothermal","1995","Kilowatts,  thousand","45",""
"Kenya","Electricity - total net installed capacity of electric power plants, geothermal","1994","Kilowatts,  thousand","45",""
"Kenya","Electricity - total net installed capacity of electric power plants, geothermal","1993","Kilowatts,  thousand","45",""
"Kenya","Electricity - total net installed capacity of electric power plants, geothermal","1992","Kilowatts,  thousand","45",""
"Kenya","Electricity - total net installed capacity of electric power plants, geothermal","1991","Kilowatts,  thousand","45",""
"Kenya","Electricity - total net installed capacity of electric power plants, geothermal","1990","Kilowatts,  thousand","45",""
"Mexico","Electricity - total net installed capacity of electric power plants, geothermal","2018","Kilowatts,  thousand","1010",""
"Mexico","Electricity - total net installed capacity of electric power plants, geothermal","2017","Kilowatts,  thousand","985",""
"Mexico","Electricity - total net installed capacity of electric power plants, geothermal","2016","Kilowatts,  thousand","926",""
"Mexico","Electricity - total net installed capacity of electric power plants, geothermal","2015","Kilowatts,  thousand","906",""
"Mexico","Electricity - total net installed capacity of electric power plants, geothermal","2014","Kilowatts,  thousand","813",""
"Mexico","Electricity - total net installed capacity of electric power plants, geothermal","2013","Kilowatts,  thousand","823",""
"Mexico","Electricity - total net installed capacity of electric power plants, geothermal","2012","Kilowatts,  thousand","824",""
"Mexico","Electricity - total net installed capacity of electric power plants, geothermal","2011","Kilowatts,  thousand","887",""
"Mexico","Electricity - total net installed capacity of electric power plants, geothermal","2010","Kilowatts,  thousand","965",""
"Mexico","Electricity - total net installed capacity of electric power plants, geothermal","2009","Kilowatts,  thousand","965",""
"Mexico","Electricity - total net installed capacity of electric power plants, geothermal","2008","Kilowatts,  thousand","963",""
"Mexico","Electricity - total net installed capacity of electric power plants, geothermal","2007","Kilowatts,  thousand","960",""
"Mexico","Electricity - total net installed capacity of electric power plants, geothermal","2006","Kilowatts,  thousand","960",""
"Mexico","Electricity - total net installed capacity of electric power plants, geothermal","2005","Kilowatts,  thousand","960",""
"Mexico","Electricity - total net installed capacity of electric power plants, geothermal","2004","Kilowatts,  thousand","960",""
"Mexico","Electricity - total net installed capacity of electric power plants, geothermal","2003","Kilowatts,  thousand","960",""
"Mexico","Electricity - total net installed capacity of electric power plants, geothermal","2002","Kilowatts,  thousand","843",""
"Mexico","Electricity - total net installed capacity of electric power plants, geothermal","2001","Kilowatts,  thousand","838",""
"Mexico","Electricity - total net installed capacity of electric power plants, geothermal","2000","Kilowatts,  thousand","855",""
"Mexico","Electricity - total net installed capacity of electric power plants, geothermal","1999","Kilowatts,  thousand","750",""
"Mexico","Electricity - total net installed capacity of electric power plants, geothermal","1998","Kilowatts,  thousand","750",""
"Mexico","Electricity - total net installed capacity of electric power plants, geothermal","1997","Kilowatts,  thousand","750",""
"Mexico","Electricity - total net installed capacity of electric power plants, geothermal","1996","Kilowatts,  thousand","744",""
"Mexico","Electricity - total net installed capacity of electric power plants, geothermal","1995","Kilowatts,  thousand","753",""
"Mexico","Electricity - total net installed capacity of electric power plants, geothermal","1994","Kilowatts,  thousand","753",""
"Mexico","Electricity - total net installed capacity of electric power plants, geothermal","1993","Kilowatts,  thousand","740",""
"Mexico","Electricity - total net installed capacity of electric power plants, geothermal","1992","Kilowatts,  thousand","730",""
"Mexico","Electricity - total net installed capacity of electric power plants, geothermal","1991","Kilowatts,  thousand","720",""
"Mexico","Electricity - total net installed capacity of electric power plants, geothermal","1990","Kilowatts,  thousand","700",""
"New Zealand","Electricity - total net installed capacity of electric power plants, geothermal","2018","Kilowatts,  thousand","965",""
"New Zealand","Electricity - total net installed capacity of electric power plants, geothermal","2017","Kilowatts,  thousand","941",""
"New Zealand","Electricity - total net installed capacity of electric power plants, geothermal","2016","Kilowatts,  thousand","941",""
"New Zealand","Electricity - total net installed capacity of electric power plants, geothermal","2015","Kilowatts,  thousand","941",""
"New Zealand","Electricity - total net installed capacity of electric power plants, geothermal","2014","Kilowatts,  thousand","924",""
"New Zealand","Electricity - total net installed capacity of electric power plants, geothermal","2013","Kilowatts,  thousand","798",""
"New Zealand","Electricity - total net installed capacity of electric power plants, geothermal","2012","Kilowatts,  thousand","726",""
"New Zealand","Electricity - total net installed capacity of electric power plants, geothermal","2011","Kilowatts,  thousand","726",""
"New Zealand","Electricity - total net installed capacity of electric power plants, geothermal","2010","Kilowatts,  thousand","726",""
"New Zealand","Electricity - total net installed capacity of electric power plants, geothermal","2009","Kilowatts,  thousand","611",""
"New Zealand","Electricity - total net installed capacity of electric power plants, geothermal","2008","Kilowatts,  thousand","571",""
"New Zealand","Electricity - total net installed capacity of electric power plants, geothermal","2007","Kilowatts,  thousand","450",""
"New Zealand","Electricity - total net installed capacity of electric power plants, geothermal","2006","Kilowatts,  thousand","432",""
"New Zealand","Electricity - total net installed capacity of electric power plants, geothermal","2005","Kilowatts,  thousand","432",""
"New Zealand","Electricity - total net installed capacity of electric power plants, geothermal","2004","Kilowatts,  thousand","376",""
"New Zealand","Electricity - total net installed capacity of electric power plants, geothermal","2003","Kilowatts,  thousand","376",""
"New Zealand","Electricity - total net installed capacity of electric power plants, geothermal","2002","Kilowatts,  thousand","372",""
"New Zealand","Electricity - total net installed capacity of electric power plants, geothermal","2001","Kilowatts,  thousand","417",""
"New Zealand","Electricity - total net installed capacity of electric power plants, geothermal","2000","Kilowatts,  thousand","418",""
"New Zealand","Electricity - total net installed capacity of electric power plants, geothermal","1999","Kilowatts,  thousand","363",""
"New Zealand","Electricity - total net installed capacity of electric power plants, geothermal","1998","Kilowatts,  thousand","338",""
"New Zealand","Electricity - total net installed capacity of electric power plants, geothermal","1997","Kilowatts,  thousand","328",""
"New Zealand","Electricity - total net installed capacity of electric power plants, geothermal","1996","Kilowatts,  thousand","258",""
"New Zealand","Electricity - total net installed capacity of electric power plants, geothermal","1995","Kilowatts,  thousand","275",""
"New Zealand","Electricity - total net installed capacity of electric power plants, geothermal","1994","Kilowatts,  thousand","265",""
"New Zealand","Electricity - total net installed capacity of electric power plants, geothermal","1993","Kilowatts,  thousand","261",""
"New Zealand","Electricity - total net installed capacity of electric power plants, geothermal","1992","Kilowatts,  thousand","261",""
"New Zealand","Electricity - total net installed capacity of electric power plants, geothermal","1991","Kilowatts,  thousand","261",""
"New Zealand","Electricity - total net installed capacity of electric power plants, geothermal","1990","Kilowatts,  thousand","261",""
"Nicaragua","Electricity - total net installed capacity of electric power plants, geothermal","2018","Kilowatts,  thousand","154.5",""
"Nicaragua","Electricity - total net installed capacity of electric power plants, geothermal","2017","Kilowatts,  thousand","154.5",""
"Nicaragua","Electricity - total net installed capacity of electric power plants, geothermal","2016","Kilowatts,  thousand","154.5",""
"Nicaragua","Electricity - total net installed capacity of electric power plants, geothermal","2015","Kilowatts,  thousand","154.5",""
"Nicaragua","Electricity - total net installed capacity of electric power plants, geothermal","2014","Kilowatts,  thousand","154.5",""
"Nicaragua","Electricity - total net installed capacity of electric power plants, geothermal","2013","Kilowatts,  thousand","154.5",""
"Nicaragua","Electricity - total net installed capacity of electric power plants, geothermal","2012","Kilowatts,  thousand","164.5",""
"Nicaragua","Electricity - total net installed capacity of electric power plants, geothermal","2011","Kilowatts,  thousand","87.5",""
"Nicaragua","Electricity - total net installed capacity of electric power plants, geothermal","2010","Kilowatts,  thousand","87.5",""
"Nicaragua","Electricity - total net installed capacity of electric power plants, geothermal","2009","Kilowatts,  thousand","87.5",""
"Nicaragua","Electricity - total net installed capacity of electric power plants, geothermal","2008","Kilowatts,  thousand","87.5",""
"Nicaragua","Electricity - total net installed capacity of electric power plants, geothermal","2007","Kilowatts,  thousand","87.5",""
"Nicaragua","Electricity - total net installed capacity of electric power plants, geothermal","2006","Kilowatts,  thousand","87.5",""
"Nicaragua","Electricity - total net installed capacity of electric power plants, geothermal","2005","Kilowatts,  thousand","88",""
"Nicaragua","Electricity - total net installed capacity of electric power plants, geothermal","2004","Kilowatts,  thousand","78",""
"Nicaragua","Electricity - total net installed capacity of electric power plants, geothermal","2003","Kilowatts,  thousand","78",""
"Nicaragua","Electricity - total net installed capacity of electric power plants, geothermal","2002","Kilowatts,  thousand","78",""
"Nicaragua","Electricity - total net installed capacity of electric power plants, geothermal","2001","Kilowatts,  thousand","70",""
"Nicaragua","Electricity - total net installed capacity of electric power plants, geothermal","2000","Kilowatts,  thousand","70",""
"Nicaragua","Electricity - total net installed capacity of electric power plants, geothermal","1999","Kilowatts,  thousand","70",""
"Nicaragua","Electricity - total net installed capacity of electric power plants, geothermal","1998","Kilowatts,  thousand","70",""
"Nicaragua","Electricity - total net installed capacity of electric power plants, geothermal","1997","Kilowatts,  thousand","70",""
"Nicaragua","Electricity - total net installed capacity of electric power plants, geothermal","1996","Kilowatts,  thousand","70",""
"Nicaragua","Electricity - total net installed capacity of electric power plants, geothermal","1995","Kilowatts,  thousand","70","1"
"Nicaragua","Electricity - total net installed capacity of electric power plants, geothermal","1994","Kilowatts,  thousand","70","1"
"Nicaragua","Electricity - total net installed capacity of electric power plants, geothermal","1993","Kilowatts,  thousand","70","1"
"Nicaragua","Electricity - total net installed capacity of electric power plants, geothermal","1992","Kilowatts,  thousand","70",""
"Nicaragua","Electricity - total net installed capacity of electric power plants, geothermal","1991","Kilowatts,  thousand","70",""
"Nicaragua","Electricity - total net installed capacity of electric power plants, geothermal","1990","Kilowatts,  thousand","70",""
"Papua New Guinea","Electricity - total net installed capacity of electric power plants, geothermal","2019","Kilowatts,  thousand","56",""
"Papua New Guinea","Electricity - total net installed capacity of electric power plants, geothermal","2018","Kilowatts,  thousand","56",""
"Papua New Guinea","Electricity - total net installed capacity of electric power plants, geothermal","2017","Kilowatts,  thousand","56",""
"Papua New Guinea","Electricity - total net installed capacity of electric power plants, geothermal","2016","Kilowatts,  thousand","56",""
"Papua New Guinea","Electricity - total net installed capacity of electric power plants, geothermal","2015","Kilowatts,  thousand","56",""
"Papua New Guinea","Electricity - total net installed capacity of electric power plants, geothermal","2014","Kilowatts,  thousand","56",""
"Papua New Guinea","Electricity - total net installed capacity of electric power plants, geothermal","2013","Kilowatts,  thousand","56",""
"Papua New Guinea","Electricity - total net installed capacity of electric power plants, geothermal","2012","Kilowatts,  thousand","56",""
"Papua New Guinea","Electricity - total net installed capacity of electric power plants, geothermal","2011","Kilowatts,  thousand","56",""
"Papua New Guinea","Electricity - total net installed capacity of electric power plants, geothermal","2010","Kilowatts,  thousand","56",""
"Papua New Guinea","Electricity - total net installed capacity of electric power plants, geothermal","2009","Kilowatts,  thousand","56",""
"Papua New Guinea","Electricity - total net installed capacity of electric power plants, geothermal","2008","Kilowatts,  thousand","56",""
"Papua New Guinea","Electricity - total net installed capacity of electric power plants, geothermal","2007","Kilowatts,  thousand","56",""
"Papua New Guinea","Electricity - total net installed capacity of electric power plants, geothermal","2006","Kilowatts,  thousand","36",""
"Papua New Guinea","Electricity - total net installed capacity of electric power plants, geothermal","2005","Kilowatts,  thousand","36",""
"Papua New Guinea","Electricity - total net installed capacity of electric power plants, geothermal","2004","Kilowatts,  thousand","6",""
"Papua New Guinea","Electricity - total net installed capacity of electric power plants, geothermal","2003","Kilowatts,  thousand","6",""
"Philippines","Electricity - total net installed capacity of electric power plants, geothermal","2019","Kilowatts,  thousand","1928",""
"Philippines","Electricity - total net installed capacity of electric power plants, geothermal","2018","Kilowatts,  thousand","1944",""
"Philippines","Electricity - total net installed capacity of electric power plants, geothermal","2017","Kilowatts,  thousand","1916",""
"Philippines","Electricity - total net installed capacity of electric power plants, geothermal","2016","Kilowatts,  thousand","1916",""
"Philippines","Electricity - total net installed capacity of electric power plants, geothermal","2015","Kilowatts,  thousand","1917",""
"Philippines","Electricity - total net installed capacity of electric power plants, geothermal","2014","Kilowatts,  thousand","1918",""
"Philippines","Electricity - total net installed capacity of electric power plants, geothermal","2013","Kilowatts,  thousand","1868",""
"Philippines","Electricity - total net installed capacity of electric power plants, geothermal","2012","Kilowatts,  thousand","1848",""
"Philippines","Electricity - total net installed capacity of electric power plants, geothermal","2011","Kilowatts,  thousand","1783",""
"Philippines","Electricity - total net installed capacity of electric power plants, geothermal","2010","Kilowatts,  thousand","1966",""
"Philippines","Electricity - total net installed capacity of electric power plants, geothermal","2009","Kilowatts,  thousand","1953",""
"Philippines","Electricity - total net installed capacity of electric power plants, geothermal","2008","Kilowatts,  thousand","1958",""
"Philippines","Electricity - total net installed capacity of electric power plants, geothermal","2007","Kilowatts,  thousand","1958",""
"Philippines","Electricity - total net installed capacity of electric power plants, geothermal","2006","Kilowatts,  thousand","1978",""
"Philippines","Electricity - total net installed capacity of electric power plants, geothermal","2005","Kilowatts,  thousand","1978",""
"Philippines","Electricity - total net installed capacity of electric power plants, geothermal","2004","Kilowatts,  thousand","1932",""
"Philippines","Electricity - total net installed capacity of electric power plants, geothermal","2003","Kilowatts,  thousand","1932",""
"Philippines","Electricity - total net installed capacity of electric power plants, geothermal","2002","Kilowatts,  thousand","1931",""
"Philippines","Electricity - total net installed capacity of electric power plants, geothermal","2001","Kilowatts,  thousand","1931",""
"Philippines","Electricity - total net installed capacity of electric power plants, geothermal","2000","Kilowatts,  thousand","1931",""
"Philippines","Electricity - total net installed capacity of electric power plants, geothermal","1999","Kilowatts,  thousand","1931",""
"Philippines","Electricity - total net installed capacity of electric power plants, geothermal","1998","Kilowatts,  thousand","1856",""
"Philippines","Electricity - total net installed capacity of electric power plants, geothermal","1997","Kilowatts,  thousand","1886",""
"Philippines","Electricity - total net installed capacity of electric power plants, geothermal","1996","Kilowatts,  thousand","1446",""
"Philippines","Electricity - total net installed capacity of electric power plants, geothermal","1995","Kilowatts,  thousand","1154",""
"Philippines","Electricity - total net installed capacity of electric power plants, geothermal","1994","Kilowatts,  thousand","1074",""
"Philippines","Electricity - total net installed capacity of electric power plants, geothermal","1993","Kilowatts,  thousand","963",""
"Philippines","Electricity - total net installed capacity of electric power plants, geothermal","1992","Kilowatts,  thousand","888",""
"Philippines","Electricity - total net installed capacity of electric power plants, geothermal","1991","Kilowatts,  thousand","888",""
"Philippines","Electricity - total net installed capacity of electric power plants, geothermal","1990","Kilowatts,  thousand","888",""
"Portugal","Electricity - total net installed capacity of electric power plants, geothermal","2018","Kilowatts,  thousand","29",""
"Portugal","Electricity - total net installed capacity of electric power plants, geothermal","2017","Kilowatts,  thousand","29",""
"Portugal","Electricity - total net installed capacity of electric power plants, geothermal","2016","Kilowatts,  thousand","25",""
"Portugal","Electricity - total net installed capacity of electric power plants, geothermal","2015","Kilowatts,  thousand","25",""
"Portugal","Electricity - total net installed capacity of electric power plants, geothermal","2014","Kilowatts,  thousand","25",""
"Portugal","Electricity - total net installed capacity of electric power plants, geothermal","2013","Kilowatts,  thousand","25",""
"Portugal","Electricity - total net installed capacity of electric power plants, geothermal","2012","Kilowatts,  thousand","25",""
"Portugal","Electricity - total net installed capacity of electric power plants, geothermal","2011","Kilowatts,  thousand","25",""
"Portugal","Electricity - total net installed capacity of electric power plants, geothermal","2010","Kilowatts,  thousand","25",""
"Portugal","Electricity - total net installed capacity of electric power plants, geothermal","2009","Kilowatts,  thousand","25",""
"Portugal","Electricity - total net installed capacity of electric power plants, geothermal","2008","Kilowatts,  thousand","25",""
"Portugal","Electricity - total net installed capacity of electric power plants, geothermal","2007","Kilowatts,  thousand","25",""
"Portugal","Electricity - total net installed capacity of electric power plants, geothermal","2006","Kilowatts,  thousand","25",""
"Portugal","Electricity - total net installed capacity of electric power plants, geothermal","2005","Kilowatts,  thousand","14",""
"Portugal","Electricity - total net installed capacity of electric power plants, geothermal","2004","Kilowatts,  thousand","14",""
"Portugal","Electricity - total net installed capacity of electric power plants, geothermal","2003","Kilowatts,  thousand","14",""
"Portugal","Electricity - total net installed capacity of electric power plants, geothermal","2002","Kilowatts,  thousand","14",""
"Portugal","Electricity - total net installed capacity of electric power plants, geothermal","2001","Kilowatts,  thousand","14",""
"Portugal","Electricity - total net installed capacity of electric power plants, geothermal","2000","Kilowatts,  thousand","14",""
"Portugal","Electricity - total net installed capacity of electric power plants, geothermal","1999","Kilowatts,  thousand","14",""
"Portugal","Electricity - total net installed capacity of electric power plants, geothermal","1998","Kilowatts,  thousand","10",""
"Portugal","Electricity - total net installed capacity of electric power plants, geothermal","1997","Kilowatts,  thousand","8",""
"Portugal","Electricity - total net installed capacity of electric power plants, geothermal","1996","Kilowatts,  thousand","8",""
"Portugal","Electricity - total net installed capacity of electric power plants, geothermal","1995","Kilowatts,  thousand","8",""
"Portugal","Electricity - total net installed capacity of electric power plants, geothermal","1994","Kilowatts,  thousand","8",""
"Portugal","Electricity - total net installed capacity of electric power plants, geothermal","1993","Kilowatts,  thousand","3",""
"Portugal","Electricity - total net installed capacity of electric power plants, geothermal","1992","Kilowatts,  thousand","3",""
"Portugal","Electricity - total net installed capacity of electric power plants, geothermal","1991","Kilowatts,  thousand","3",""
"Portugal","Electricity - total net installed capacity of electric power plants, geothermal","1990","Kilowatts,  thousand","1",""
"Russian Federation","Electricity - total net installed capacity of electric power plants, geothermal","2018","Kilowatts,  thousand","74",""
"Russian Federation","Electricity - total net installed capacity of electric power plants, geothermal","2017","Kilowatts,  thousand","74",""
"Russian Federation","Electricity - total net installed capacity of electric power plants, geothermal","2016","Kilowatts,  thousand","78",""
"Russian Federation","Electricity - total net installed capacity of electric power plants, geothermal","2015","Kilowatts,  thousand","78",""
"Russian Federation","Electricity - total net installed capacity of electric power plants, geothermal","2014","Kilowatts,  thousand","78",""
"Russian Federation","Electricity - total net installed capacity of electric power plants, geothermal","2013","Kilowatts,  thousand","79",""
"Russian Federation","Electricity - total net installed capacity of electric power plants, geothermal","2012","Kilowatts,  thousand","81",""
"Russian Federation","Electricity - total net installed capacity of electric power plants, geothermal","2011","Kilowatts,  thousand","81",""
"Russian Federation","Electricity - total net installed capacity of electric power plants, geothermal","2010","Kilowatts,  thousand","81",""
"Russian Federation","Electricity - total net installed capacity of electric power plants, geothermal","2009","Kilowatts,  thousand","81",""
"Russian Federation","Electricity - total net installed capacity of electric power plants, geothermal","2008","Kilowatts,  thousand","80",""
"Russian Federation","Electricity - total net installed capacity of electric power plants, geothermal","2007","Kilowatts,  thousand","90",""
"Russian Federation","Electricity - total net installed capacity of electric power plants, geothermal","2006","Kilowatts,  thousand","87",""
"Russian Federation","Electricity - total net installed capacity of electric power plants, geothermal","2005","Kilowatts,  thousand","79",""
"Russian Federation","Electricity - total net installed capacity of electric power plants, geothermal","2004","Kilowatts,  thousand","56",""
"Russian Federation","Electricity - total net installed capacity of electric power plants, geothermal","2003","Kilowatts,  thousand","70",""
"Russian Federation","Electricity - total net installed capacity of electric power plants, geothermal","2002","Kilowatts,  thousand","70",""
"Russian Federation","Electricity - total net installed capacity of electric power plants, geothermal","2001","Kilowatts,  thousand","21",""
"Russian Federation","Electricity - total net installed capacity of electric power plants, geothermal","2000","Kilowatts,  thousand","23",""
"Russian Federation","Electricity - total net installed capacity of electric power plants, geothermal","1999","Kilowatts,  thousand","11",""
"Russian Federation","Electricity - total net installed capacity of electric power plants, geothermal","1998","Kilowatts,  thousand","11",""
"Russian Federation","Electricity - total net installed capacity of electric power plants, geothermal","1997","Kilowatts,  thousand","11","1"
"Russian Federation","Electricity - total net installed capacity of electric power plants, geothermal","1996","Kilowatts,  thousand","11","1"
"Russian Federation","Electricity - total net installed capacity of electric power plants, geothermal","1995","Kilowatts,  thousand","11",""
"Russian Federation","Electricity - total net installed capacity of electric power plants, geothermal","1994","Kilowatts,  thousand","11",""
"Russian Federation","Electricity - total net installed capacity of electric power plants, geothermal","1993","Kilowatts,  thousand","11",""
"Russian Federation","Electricity - total net installed capacity of electric power plants, geothermal","1992","Kilowatts,  thousand","11",""
"Senegal","Electricity - total net installed capacity of electric power plants, geothermal","2009","Kilowatts,  thousand","2","1"
"Senegal","Electricity - total net installed capacity of electric power plants, geothermal","2008","Kilowatts,  thousand","2","1"
"Senegal","Electricity - total net installed capacity of electric power plants, geothermal","2007","Kilowatts,  thousand","2","1"
"Thailand","Electricity - total net installed capacity of electric power plants, geothermal","2018","Kilowatts,  thousand","0.3","1"
"Thailand","Electricity - total net installed capacity of electric power plants, geothermal","2017","Kilowatts,  thousand","0.3","1"
"Thailand","Electricity - total net installed capacity of electric power plants, geothermal","2016","Kilowatts,  thousand","0.3","1"
"Thailand","Electricity - total net installed capacity of electric power plants, geothermal","2015","Kilowatts,  thousand","0.3","1"
"Thailand","Electricity - total net installed capacity of electric power plants, geothermal","2014","Kilowatts,  thousand","0.3",""
"Thailand","Electricity - total net installed capacity of electric power plants, geothermal","2013","Kilowatts,  thousand","0.3","1"
"Thailand","Electricity - total net installed capacity of electric power plants, geothermal","2012","Kilowatts,  thousand","0.3","1"
"Thailand","Electricity - total net installed capacity of electric power plants, geothermal","2011","Kilowatts,  thousand","0.3","1"
"Thailand","Electricity - total net installed capacity of electric power plants, geothermal","2010","Kilowatts,  thousand","0.3",""
"Thailand","Electricity - total net installed capacity of electric power plants, geothermal","2009","Kilowatts,  thousand","0.3",""
"Thailand","Electricity - total net installed capacity of electric power plants, geothermal","2008","Kilowatts,  thousand","0.3",""
"Thailand","Electricity - total net installed capacity of electric power plants, geothermal","2007","Kilowatts,  thousand","0.3",""
"Thailand","Electricity - total net installed capacity of electric power plants, geothermal","2006","Kilowatts,  thousand","0.3",""
"Thailand","Electricity - total net installed capacity of electric power plants, geothermal","2005","Kilowatts,  thousand","0.3",""
"Thailand","Electricity - total net installed capacity of electric power plants, geothermal","2004","Kilowatts,  thousand","0.3",""
"Thailand","Electricity - total net installed capacity of electric power plants, geothermal","2003","Kilowatts,  thousand","0.3",""
"Thailand","Electricity - total net installed capacity of electric power plants, geothermal","2002","Kilowatts,  thousand","0.3",""
"Thailand","Electricity - total net installed capacity of electric power plants, geothermal","2001","Kilowatts,  thousand","0.3",""
"Thailand","Electricity - total net installed capacity of electric power plants, geothermal","2000","Kilowatts,  thousand","0.3",""
"Thailand","Electricity - total net installed capacity of electric power plants, geothermal","1999","Kilowatts,  thousand","0.3",""
"Thailand","Electricity - total net installed capacity of electric power plants, geothermal","1998","Kilowatts,  thousand","0.3",""
"Thailand","Electricity - total net installed capacity of electric power plants, geothermal","1997","Kilowatts,  thousand","1",""
"Thailand","Electricity - total net installed capacity of electric power plants, geothermal","1996","Kilowatts,  thousand","1",""
"Thailand","Electricity - total net installed capacity of electric power plants, geothermal","1995","Kilowatts,  thousand","0",""
"Thailand","Electricity - total net installed capacity of electric power plants, geothermal","1994","Kilowatts,  thousand","0",""
"Thailand","Electricity - total net installed capacity of electric power plants, geothermal","1993","Kilowatts,  thousand","0",""
"Thailand","Electricity - total net installed capacity of electric power plants, geothermal","1992","Kilowatts,  thousand","0",""
"Thailand","Electricity - total net installed capacity of electric power plants, geothermal","1991","Kilowatts,  thousand","0",""
"Turkey","Electricity - total net installed capacity of electric power plants, geothermal","2018","Kilowatts,  thousand","1283",""
"Turkey","Electricity - total net installed capacity of electric power plants, geothermal","2017","Kilowatts,  thousand","1064",""
"Turkey","Electricity - total net installed capacity of electric power plants, geothermal","2016","Kilowatts,  thousand","821",""
"Turkey","Electricity - total net installed capacity of electric power plants, geothermal","2015","Kilowatts,  thousand","624",""
"Turkey","Electricity - total net installed capacity of electric power plants, geothermal","2014","Kilowatts,  thousand","405",""
"Turkey","Electricity - total net installed capacity of electric power plants, geothermal","2013","Kilowatts,  thousand","311",""
"Turkey","Electricity - total net installed capacity of electric power plants, geothermal","2012","Kilowatts,  thousand","162",""
"Turkey","Electricity - total net installed capacity of electric power plants, geothermal","2011","Kilowatts,  thousand","114",""
"Turkey","Electricity - total net installed capacity of electric power plants, geothermal","2010","Kilowatts,  thousand","94",""
"Turkey","Electricity - total net installed capacity of electric power plants, geothermal","2009","Kilowatts,  thousand","77",""
"Turkey","Electricity - total net installed capacity of electric power plants, geothermal","2008","Kilowatts,  thousand","30",""
"Turkey","Electricity - total net installed capacity of electric power plants, geothermal","2007","Kilowatts,  thousand","23",""
"Turkey","Electricity - total net installed capacity of electric power plants, geothermal","2006","Kilowatts,  thousand","23",""
"Turkey","Electricity - total net installed capacity of electric power plants, geothermal","2005","Kilowatts,  thousand","15",""
"Turkey","Electricity - total net installed capacity of electric power plants, geothermal","2004","Kilowatts,  thousand","15",""
"Turkey","Electricity - total net installed capacity of electric power plants, geothermal","2003","Kilowatts,  thousand","15",""
"Turkey","Electricity - total net installed capacity of electric power plants, geothermal","2002","Kilowatts,  thousand","18",""
"Turkey","Electricity - total net installed capacity of electric power plants, geothermal","2001","Kilowatts,  thousand","18",""
"Turkey","Electricity - total net installed capacity of electric power plants, geothermal","2000","Kilowatts,  thousand","18",""
"Turkey","Electricity - total net installed capacity of electric power plants, geothermal","1999","Kilowatts,  thousand","18",""
"Turkey","Electricity - total net installed capacity of electric power plants, geothermal","1998","Kilowatts,  thousand","18",""
"Turkey","Electricity - total net installed capacity of electric power plants, geothermal","1997","Kilowatts,  thousand","18",""
"Turkey","Electricity - total net installed capacity of electric power plants, geothermal","1996","Kilowatts,  thousand","18",""
"Turkey","Electricity - total net installed capacity of electric power plants, geothermal","1995","Kilowatts,  thousand","18",""
"Turkey","Electricity - total net installed capacity of electric power plants, geothermal","1994","Kilowatts,  thousand","18",""
"Turkey","Electricity - total net installed capacity of electric power plants, geothermal","1993","Kilowatts,  thousand","18",""
"Turkey","Electricity - total net installed capacity of electric power plants, geothermal","1992","Kilowatts,  thousand","18",""
"Turkey","Electricity - total net installed capacity of electric power plants, geothermal","1991","Kilowatts,  thousand","18",""
"Turkey","Electricity - total net installed capacity of electric power plants, geothermal","1990","Kilowatts,  thousand","18",""
"United States","Electricity - total net installed capacity of electric power plants, geothermal","2018","Kilowatts,  thousand","2444",""
"United States","Electricity - total net installed capacity of electric power plants, geothermal","2017","Kilowatts,  thousand","2483",""
"United States","Electricity - total net installed capacity of electric power plants, geothermal","2016","Kilowatts,  thousand","2517",""
"United States","Electricity - total net installed capacity of electric power plants, geothermal","2015","Kilowatts,  thousand","2542",""
"United States","Electricity - total net installed capacity of electric power plants, geothermal","2014","Kilowatts,  thousand","2514",""
"United States","Electricity - total net installed capacity of electric power plants, geothermal","2013","Kilowatts,  thousand","2607",""
"United States","Electricity - total net installed capacity of electric power plants, geothermal","2012","Kilowatts,  thousand","2592",""
"United States","Electricity - total net installed capacity of electric power plants, geothermal","2011","Kilowatts,  thousand","2409",""
"United States","Electricity - total net installed capacity of electric power plants, geothermal","2010","Kilowatts,  thousand","2405",""
"United States","Electricity - total net installed capacity of electric power plants, geothermal","2009","Kilowatts,  thousand","2382",""
"United States","Electricity - total net installed capacity of electric power plants, geothermal","2008","Kilowatts,  thousand","2229",""
"United States","Electricity - total net installed capacity of electric power plants, geothermal","2007","Kilowatts,  thousand","2214",""
"United States","Electricity - total net installed capacity of electric power plants, geothermal","2006","Kilowatts,  thousand","2274",""
"United States","Electricity - total net installed capacity of electric power plants, geothermal","2005","Kilowatts,  thousand","2285",""
"United States","Electricity - total net installed capacity of electric power plants, geothermal","2004","Kilowatts,  thousand","2152",""
"United States","Electricity - total net installed capacity of electric power plants, geothermal","2003","Kilowatts,  thousand","2133",""
"United States","Electricity - total net installed capacity of electric power plants, geothermal","2002","Kilowatts,  thousand","2252",""
"United States","Electricity - total net installed capacity of electric power plants, geothermal","2001","Kilowatts,  thousand","2216",""
"United States","Electricity - total net installed capacity of electric power plants, geothermal","2000","Kilowatts,  thousand","2793",""
"United States","Electricity - total net installed capacity of electric power plants, geothermal","1999","Kilowatts,  thousand","3001",""
"United States","Electricity - total net installed capacity of electric power plants, geothermal","1998","Kilowatts,  thousand","2917",""
"United States","Electricity - total net installed capacity of electric power plants, geothermal","1997","Kilowatts,  thousand","2853",""
"United States","Electricity - total net installed capacity of electric power plants, geothermal","1996","Kilowatts,  thousand","2893",""
"United States","Electricity - total net installed capacity of electric power plants, geothermal","1995","Kilowatts,  thousand","2968",""
"United States","Electricity - total net installed capacity of electric power plants, geothermal","1994","Kilowatts,  thousand","3006",""
"United States","Electricity - total net installed capacity of electric power plants, geothermal","1993","Kilowatts,  thousand","2978",""
"United States","Electricity - total net installed capacity of electric power plants, geothermal","1992","Kilowatts,  thousand","2910",""
"United States","Electricity - total net installed capacity of electric power plants, geothermal","1991","Kilowatts,  thousand","2632",""
"United States","Electricity - total net installed capacity of electric power plants, geothermal","1990","Kilowatts,  thousand","2669",""
"USSR (former)","Electricity - total net installed capacity of electric power plants, geothermal","1991","Kilowatts,  thousand","11","1"
"USSR (former)","Electricity - total net installed capacity of electric power plants, geothermal","1990","Kilowatts,  thousand","11",""

"fnSeqID","Footnote"
"1","Estimate"
